<?xml version="1.0" encoding="UTF-8"?>
<CustomField xmlns="http://soap.sforce.com/2006/04/metadata">
    <fullName>Status__c</fullName>
    <description>Tracks recognition progress for the business card.</description>
    <label>Status</label>
    <required>false</required>
    <trackTrending>false</trackTrending>
    <type>Picklist</type>
    <valueSet>
        <valueSetDefinition>
            <sorted>false</sorted>
            <value>
                <fullName>Queued</fullName>
                <default>false</default>
                <label>Queued</label>
            </value>
            <value>
                <fullName>Recognizing</fullName>
                <default>true</default>
                <label>Recognizing</label>
            </value>
            <value>
                <fullName>Recognized</fullName>
                <default>false</default>
                <label>Recognized</label>
            </value>
            <value>
                <fullName>Failed</fullName>
                <default>false</default>
                <label>Failed</label>
            </value>
        </valueSetDefinition>
    </valueSet>
</CustomField>
