<?xml version="1.0" encoding="UTF-8"?>
<Flow xmlns="http://soap.sforce.com/2006/04/metadata">
    <actionCalls>
        <name>Call_Apex_Parse_Business_Card_JSON</name>
        <label>Call Apex - Parse Business Card JSON</label>
        <locationX>0</locationX>
        <locationY>0</locationY>
        <actionName>CM_BusinessCard_Json_Parser</actionName>
        <actionType>apex</actionType>
        <connector>
            <targetReference>CreateEvents</targetReference>
        </connector>
        <flowTransactionModel>Automatic</flowTransactionModel>
        <inputParameters>
            <name>jsonStrings</name>
            <value>
                <elementReference>CardReveiw.flowOutputCardsJsonEdited</elementReference>
            </value>
        </inputParameters>
        <nameSegment>CM_BusinessCard_Json_Parser</nameSegment>
        <offset>0</offset>
        <outputParameters>
            <assignToReference>varEventsToPublish</assignToReference>
            <name>output</name>
        </outputParameters>
    </actionCalls>
    <actionCalls>
        <name>Parse_JSON_String_Array</name>
        <label>Parse JSON String Array</label>
        <locationX>0</locationX>
        <locationY>0</locationY>
        <actionName>CM_BusinessCard_Parse_String_Array</actionName>
        <actionType>apex</actionType>
        <connector>
            <targetReference>Loop_varDocumentContents</targetReference>
        </connector>
        <flowTransactionModel>Automatic</flowTransactionModel>
        <inputParameters>
            <name>json</name>
            <value>
                <elementReference>varCardContentDocId</elementReference>
            </value>
        </inputParameters>
        <nameSegment>CM_BusinessCard_Parse_String_Array</nameSegment>
        <offset>0</offset>
        <outputParameters>
            <assignToReference>varContentDocumentIDs</assignToReference>
            <name>values</name>
        </outputParameters>
    </actionCalls>
    <apiVersion>64.0</apiVersion>
    <areMetricsLoggedToDataCloud>false</areMetricsLoggedToDataCloud>
    <assignments>
        <name>Assigin_varLeadCount</name>
        <label>Assigin varLeadCount</label>
        <locationX>0</locationX>
        <locationY>0</locationY>
        <assignmentItems>
            <assignToReference>varLeadCount</assignToReference>
            <operator>AssignCount</operator>
            <value>
                <elementReference>varEventsToPublish</elementReference>
            </value>
        </assignmentItems>
        <connector>
            <targetReference>IfLeadCountZero</targetReference>
        </connector>
    </assignments>
    <customProperties>
        <name>ScreenProgressIndicator</name>
        <value>
            <stringValue>{&quot;location&quot;:&quot;top&quot;,&quot;type&quot;:&quot;simple&quot;}</stringValue>
        </value>
    </customProperties>
    <decisions>
        <name>IfJobIdIsNotBlank</name>
        <label>IfJobIdIsNotBlank</label>
        <locationX>0</locationX>
        <locationY>0</locationY>
        <defaultConnector>
            <isGoTo>true</isGoTo>
            <targetReference>scr_Upload</targetReference>
        </defaultConnector>
        <defaultConnectorLabel>Default Outcome</defaultConnectorLabel>
        <rules>
            <name>JobIdIsNotBlank</name>
            <conditionLogic>and</conditionLogic>
            <conditions>
                <leftValueReference>varJobId</leftValueReference>
                <operator>IsBlank</operator>
                <rightValue>
                    <booleanValue>false</booleanValue>
                </rightValue>
            </conditions>
            <connector>
                <targetReference>Parse_JSON_String_Array</targetReference>
            </connector>
            <label>JobIdIsNotBlank</label>
        </rules>
    </decisions>
    <decisions>
        <name>IfLeadCountZero</name>
        <label>IfLeadCountZero</label>
        <locationX>0</locationX>
        <locationY>0</locationY>
        <defaultConnector>
            <targetReference>UniqueName</targetReference>
        </defaultConnector>
        <defaultConnectorLabel>Default Outcome</defaultConnectorLabel>
        <rules>
            <name>LeadCountZero</name>
            <conditionLogic>and</conditionLogic>
            <conditions>
                <leftValueReference>varLeadCount</leftValueReference>
                <operator>EqualTo</operator>
                <rightValue>
                    <numberValue>0.0</numberValue>
                </rightValue>
            </conditions>
            <label>LeadCountZero</label>
        </rules>
    </decisions>
    <environments>Default</environments>
    <interviewLabel>CM_BusinessCard_To_Lead {!$Flow.CurrentDateTime}</interviewLabel>
    <label>CM - BusinessCard To Lead</label>
    <loops>
        <name>Loop_varDocumentContents</name>
        <label>Loop varDocumentContentIDs</label>
        <locationX>0</locationX>
        <locationY>0</locationY>
        <collectionReference>varContentDocumentIDs</collectionReference>
        <iterationOrder>Asc</iterationOrder>
        <nextValueConnector>
            <targetReference>CardReviewScreen</targetReference>
        </nextValueConnector>
        <noMoreValuesConnector>
            <targetReference>CreateEvents</targetReference>
        </noMoreValuesConnector>
    </loops>
    <processMetadataValues>
        <name>BuilderType</name>
        <value>
            <stringValue>LightningFlowBuilder</stringValue>
        </value>
    </processMetadataValues>
    <processMetadataValues>
        <name>CanvasMode</name>
        <value>
            <stringValue>AUTO_LAYOUT_CANVAS</stringValue>
        </value>
    </processMetadataValues>
    <processMetadataValues>
        <name>OriginBuilderType</name>
        <value>
            <stringValue>LightningFlowBuilder</stringValue>
        </value>
    </processMetadataValues>
    <processType>Flow</processType>
    <recordCreates>
        <name>CreateEvents</name>
        <label>Publish Platform Events</label>
        <locationX>0</locationX>
        <locationY>0</locationY>
        <connector>
            <targetReference>Assigin_varLeadCount</targetReference>
        </connector>
        <inputReference>varEventsToPublish</inputReference>
    </recordCreates>
    <screens>
        <name>CardReviewScreen</name>
        <label>Review Business Card Details</label>
        <locationX>0</locationX>
        <locationY>0</locationY>
        <allowBack>true</allowBack>
        <allowFinish>true</allowFinish>
        <allowPause>false</allowPause>
        <connector>
            <targetReference>Call_Apex_Parse_Business_Card_JSON</targetReference>
        </connector>
        <fields>
            <name>DisplayText2</name>
            <fieldText>&lt;p&gt;&lt;strong style=&quot;font-size: 16px;&quot;&gt;{!$Label.CM_BC_Flow_Title}&lt;/strong&gt;&lt;/p&gt;</fieldText>
            <fieldType>DisplayText</fieldType>
            <styleProperties>
                <verticalAlignment>
                    <stringValue>top</stringValue>
                </verticalAlignment>
                <width>
                    <stringValue>12</stringValue>
                </width>
            </styleProperties>
        </fields>
        <fields>
            <name>Line2</name>
            <extensionName>c:fsc_drawLine</extensionName>
            <fieldType>ComponentInstance</fieldType>
            <inputsOnNextNavToAssocScrn>UseStoredValues</inputsOnNextNavToAssocScrn>
            <isRequired>true</isRequired>
            <storeOutputAutomatically>true</storeOutputAutomatically>
            <styleProperties>
                <verticalAlignment>
                    <stringValue>top</stringValue>
                </verticalAlignment>
                <width>
                    <stringValue>12</stringValue>
                </width>
            </styleProperties>
        </fields>
        <fields>
            <name>CardReveiw</name>
            <extensionName>c:cmBusinessCardReviewAsync</extensionName>
            <fieldType>ComponentInstance</fieldType>
            <inputParameters>
                <name>batchId</name>
                <value>
                    <elementReference>varJobId</elementReference>
                </value>
            </inputParameters>
            <inputParameters>
                <name>contentVersionId</name>
                <value>
                    <elementReference>Loop_varDocumentContents</elementReference>
                </value>
            </inputParameters>
            <inputParameters>
                <name>leadSource</name>
                <value>
                    <elementReference>varLeadSource</elementReference>
                </value>
            </inputParameters>
            <inputsOnNextNavToAssocScrn>UseStoredValues</inputsOnNextNavToAssocScrn>
            <isRequired>true</isRequired>
            <storeOutputAutomatically>true</storeOutputAutomatically>
            <styleProperties>
                <verticalAlignment>
                    <stringValue>top</stringValue>
                </verticalAlignment>
                <width>
                    <stringValue>12</stringValue>
                </width>
            </styleProperties>
        </fields>
        <fields>
            <name>DisplayImage2</name>
            <extensionName>c:cmBusinessCardDisplayImageInFlow</extensionName>
            <fieldType>ComponentInstance</fieldType>
            <inputParameters>
                <name>contentVersionId</name>
                <value>
                    <elementReference>Loop_varDocumentContents</elementReference>
                </value>
            </inputParameters>
            <inputParameters>
                <name>borderRadius</name>
                <value>
                    <stringValue>6x</stringValue>
                </value>
            </inputParameters>
            <inputsOnNextNavToAssocScrn>UseStoredValues</inputsOnNextNavToAssocScrn>
            <isRequired>true</isRequired>
            <storeOutputAutomatically>true</storeOutputAutomatically>
            <styleProperties>
                <verticalAlignment>
                    <stringValue>top</stringValue>
                </verticalAlignment>
                <width>
                    <stringValue>12</stringValue>
                </width>
            </styleProperties>
        </fields>
        <showFooter>true</showFooter>
        <showHeader>false</showHeader>
    </screens>
    <screens>
        <description>Upload only the front side of the business card with good lighting and clear focus.</description>
        <name>scr_Upload</name>
        <label>Upload Business Cards</label>
        <locationX>0</locationX>
        <locationY>0</locationY>
        <allowBack>true</allowBack>
        <allowFinish>true</allowFinish>
        <allowPause>false</allowPause>
        <connector>
            <targetReference>IfJobIdIsNotBlank</targetReference>
        </connector>
        <fields>
            <name>DisplayText1</name>
            <fieldText>&lt;p&gt;&lt;strong style=&quot;font-size: 16px;&quot;&gt;{!$Label.CM_BC_Flow_Welcome_Title}&lt;/strong&gt;&lt;/p&gt;&lt;p&gt;&lt;span style=&quot;font-size: 16px;&quot;&gt;{!$Label.CM_BC_Flow_Welcome_Desc}&lt;/span&gt;&lt;/p&gt;</fieldText>
            <fieldType>DisplayText</fieldType>
            <styleProperties>
                <verticalAlignment>
                    <stringValue>top</stringValue>
                </verticalAlignment>
                <width>
                    <stringValue>12</stringValue>
                </width>
            </styleProperties>
        </fields>
        <fields>
            <name>line</name>
            <extensionName>c:fsc_drawLine</extensionName>
            <fieldType>ComponentInstance</fieldType>
            <inputsOnNextNavToAssocScrn>UseStoredValues</inputsOnNextNavToAssocScrn>
            <isRequired>true</isRequired>
            <storeOutputAutomatically>true</storeOutputAutomatically>
            <styleProperties>
                <verticalAlignment>
                    <stringValue>top</stringValue>
                </verticalAlignment>
                <width>
                    <stringValue>12</stringValue>
                </width>
            </styleProperties>
        </fields>
        <fields>
            <name>CardOcrUpload</name>
            <extensionName>c:cmBusinessCardOcrUpload</extensionName>
            <fieldType>ComponentInstance</fieldType>
            <inputsOnNextNavToAssocScrn>UseStoredValues</inputsOnNextNavToAssocScrn>
            <isRequired>true</isRequired>
            <outputParameters>
                <assignToReference>varJobId</assignToReference>
                <name>flowOutputBatchId</name>
            </outputParameters>
            <outputParameters>
                <assignToReference>varCardContentDocId</assignToReference>
                <name>varContentVersionIDs</name>
            </outputParameters>
            <styleProperties>
                <verticalAlignment>
                    <stringValue>top</stringValue>
                </verticalAlignment>
                <width>
                    <stringValue>12</stringValue>
                </width>
            </styleProperties>
        </fields>
        <showFooter>true</showFooter>
        <showHeader>false</showHeader>
    </screens>
    <screens>
        <name>UniqueName</name>
        <label>Completed</label>
        <locationX>0</locationX>
        <locationY>0</locationY>
        <allowBack>false</allowBack>
        <allowFinish>true</allowFinish>
        <allowPause>false</allowPause>
        <fields>
            <name>CreateSuccess</name>
            <extensionName>c:cmLeadCreateSuccess</extensionName>
            <fieldType>ComponentInstance</fieldType>
            <inputParameters>
                <name>count</name>
                <value>
                    <elementReference>varLeadCount</elementReference>
                </value>
            </inputParameters>
            <inputParameters>
                <name>showOpenButton</name>
                <value>
                    <booleanValue>false</booleanValue>
                </value>
            </inputParameters>
            <inputParameters>
                <name>showConfetti</name>
                <value>
                    <booleanValue>true</booleanValue>
                </value>
            </inputParameters>
            <inputParameters>
                <name>subtitle</name>
                <value>
                    <stringValue>{!$Label.CM_BC_Flow_Success_Subtitle}</stringValue>
                </value>
            </inputParameters>
            <inputsOnNextNavToAssocScrn>UseStoredValues</inputsOnNextNavToAssocScrn>
            <isRequired>true</isRequired>
            <storeOutputAutomatically>true</storeOutputAutomatically>
            <styleProperties>
                <verticalAlignment>
                    <stringValue>top</stringValue>
                </verticalAlignment>
                <width>
                    <stringValue>12</stringValue>
                </width>
            </styleProperties>
        </fields>
        <showFooter>true</showFooter>
        <showHeader>false</showHeader>
    </screens>
    <start>
        <locationX>0</locationX>
        <locationY>0</locationY>
        <connector>
            <targetReference>scr_Upload</targetReference>
        </connector>
    </start>
    <status>Active</status>
    <variables>
        <name>varBase64</name>
        <dataType>String</dataType>
        <isCollection>false</isCollection>
        <isInput>false</isInput>
        <isOutput>false</isOutput>
    </variables>
    <variables>
        <name>varCardContentDocId</name>
        <dataType>String</dataType>
        <isCollection>false</isCollection>
        <isInput>false</isInput>
        <isOutput>false</isOutput>
    </variables>
    <variables>
        <name>varContentDocumentIDs</name>
        <dataType>String</dataType>
        <isCollection>true</isCollection>
        <isInput>false</isInput>
        <isOutput>false</isOutput>
    </variables>
    <variables>
        <name>varDisplayUrl</name>
        <dataType>String</dataType>
        <isCollection>false</isCollection>
        <isInput>false</isInput>
        <isOutput>false</isOutput>
    </variables>
    <variables>
        <name>varError</name>
        <dataType>String</dataType>
        <isCollection>false</isCollection>
        <isInput>false</isInput>
        <isOutput>false</isOutput>
    </variables>
    <variables>
        <name>varEventsToPublish</name>
        <dataType>SObject</dataType>
        <isCollection>true</isCollection>
        <isInput>false</isInput>
        <isOutput>false</isOutput>
        <objectType>Business_Card_Processed__e</objectType>
    </variables>
    <variables>
        <name>varJobId</name>
        <dataType>String</dataType>
        <isCollection>false</isCollection>
        <isInput>false</isInput>
        <isOutput>false</isOutput>
    </variables>
    <variables>
        <name>varLeadSource</name>
        <dataType>String</dataType>
        <isCollection>false</isCollection>
        <isInput>false</isInput>
        <isOutput>false</isOutput>
        <value>
            <stringValue>Cold Call</stringValue>
        </value>
    </variables>
    <variables>
        <name>varLeadCount</name>
        <dataType>Number</dataType>
        <isCollection>false</isCollection>
        <isInput>false</isInput>
        <isOutput>false</isOutput>
        <scale>0</scale>
        <value>
            <numberValue>0.0</numberValue>
        </value>
    </variables>
    <variables>
        <name>varNotes</name>
        <dataType>String</dataType>
        <isCollection>false</isCollection>
        <isInput>false</isInput>
        <isOutput>false</isOutput>
    </variables>
    <variables>
        <name>varOverwriteDuplicate</name>
        <dataType>Boolean</dataType>
        <isCollection>false</isCollection>
        <isInput>false</isInput>
        <isOutput>false</isOutput>
        <value>
            <booleanValue>true</booleanValue>
        </value>
    </variables>
    <variables>
        <name>varProgress</name>
        <dataType>Number</dataType>
        <isCollection>false</isCollection>
        <isInput>false</isInput>
        <isOutput>false</isOutput>
        <scale>0</scale>
    </variables>
    <variables>
        <name>varPromptOutputJson</name>
        <dataType>String</dataType>
        <isCollection>false</isCollection>
        <isInput>false</isInput>
        <isOutput>false</isOutput>
    </variables>
    <variables>
        <name>varStatus</name>
        <dataType>String</dataType>
        <isCollection>false</isCollection>
        <isInput>false</isInput>
        <isOutput>false</isOutput>
    </variables>
    <variables>
        <name>varTempHolderId</name>
        <dataType>String</dataType>
        <isCollection>false</isCollection>
        <isInput>false</isInput>
        <isOutput>false</isOutput>
    </variables>
    <variables>
        <name>varUploadedFileNames</name>
        <dataType>String</dataType>
        <isCollection>true</isCollection>
        <isInput>false</isInput>
        <isOutput>false</isOutput>
    </variables>
    <variables>
        <name>varUploadId</name>
        <dataType>String</dataType>
        <isCollection>false</isCollection>
        <isInput>false</isInput>
        <isOutput>false</isOutput>
    </variables>
    <variables>
        <name>vGotOne</name>
        <dataType>Boolean</dataType>
        <isCollection>false</isCollection>
        <isInput>false</isInput>
        <isOutput>false</isOutput>
    </variables>
</Flow>
