<?xml version="1.0" encoding="UTF-8"?>
<CustomField xmlns="http://soap.sforce.com/2006/04/metadata">
    <fullName>ContentDocumentId__c</fullName>
    <description>Stores the related ContentDocument Id for the uploaded image.</description>
    <externalId>false</externalId>
    <label>Content Document Id</label>
    <length>18</length>
    <required>false</required>
    <trackFeedHistory>false</trackFeedHistory>
    <type>Text</type>
    <unique>false</unique>
    <caseSensitive>false</caseSensitive>
</CustomField>
