<?xml version="1.0" encoding="UTF-8"?>
<CustomField xmlns="http://soap.sforce.com/2006/04/metadata">
    <fullName>ContentVersionId__c</fullName>
    <description>Stores the latest ContentVersion Id used for OCR processing.</description>
    <externalId>false</externalId>
    <label>Content Version Id</label>
    <length>18</length>
    <required>false</required>
    <trackFeedHistory>false</trackFeedHistory>
    <type>Text</type>
    <unique>false</unique>
    <caseSensitive>false</caseSensitive>
</CustomField>
