<?xml version="1.0" encoding="UTF-8"?>
<CustomField xmlns="http://soap.sforce.com/2006/04/metadata">
    <fullName>FileHash__c</fullName>
    <description>SHA-256 hash of the uploaded image for duplicate detection.</description>
    <externalId>false</externalId>
    <label>File Hash</label>
    <length>64</length>
    <required>false</required>
    <trackFeedHistory>false</trackFeedHistory>
    <type>Text</type>
    <unique>false</unique>
    <caseSensitive>false</caseSensitive>
</CustomField>
