<?xml version="1.0" encoding="UTF-8"?>
<LightningComponentBundle xmlns="http://soap.sforce.com/2006/04/metadata">
  <apiVersion>61.0</apiVersion>
  <isExposed>true</isExposed>
  <masterLabel>CM BusinessCard OCR Upload</masterLabel>
  <targets>
    <target>lightning__FlowScreen</target>
  </targets>
  <targetConfigs>
    <targetConfig targets="lightning__FlowScreen">
      <property name="flowOutputBatchId" type="String" role="outputOnly" label="輸出：Batch Id"/>
      <property name="varContentVersionIDs" type="String" role="outputOnly" label="輸出：ContentVersionId"/>
    </targetConfig>
  </targetConfigs>
</LightningComponentBundle>
