<?xml version="1.0" encoding="UTF-8"?>
<Flow xmlns="http://soap.sforce.com/2006/04/metadata">
    <actionCalls>
        <name>Cleanup_BusinessCards</name>
        <label>Cleanup Business Cards</label>
        <locationX>0</locationX>
        <locationY>0</locationY>
        <actionName>CM_BusinessCard_Cleanup</actionName>
        <actionType>apex</actionType>
        <flowTransactionModel>Automatic</flowTransactionModel>
        <inputParameters>
            <name>retentionDays</name>
            <value>
                <elementReference>varRetentionDays</elementReference>
            </value>
        </inputParameters>
        <inputParameters>
            <name>deleteFiles</name>
            <value>
                <elementReference>varDeleteFiles</elementReference>
            </value>
        </inputParameters>
        <nameSegment>CM_BusinessCard_Cleanup</nameSegment>
        <offset>0</offset>
    </actionCalls>
    <apiVersion>65.0</apiVersion>
    <environments>Default</environments>
    <interviewLabel>CM - BusinessCard Cleanup {!$Flow.CurrentDateTime}</interviewLabel>
    <label>CM - BusinessCard Cleanup</label>
    <processMetadataValues>
        <name>BuilderType</name>
        <value>
            <stringValue>LightningFlowBuilder</stringValue>
        </value>
    </processMetadataValues>
    <processMetadataValues>
        <name>CanvasMode</name>
        <value>
            <stringValue>AUTO_LAYOUT_CANVAS</stringValue>
        </value>
    </processMetadataValues>
    <processMetadataValues>
        <name>OriginBuilderType</name>
        <value>
            <stringValue>LightningFlowBuilder</stringValue>
        </value>
    </processMetadataValues>
    <processType>AutoLaunchedFlow</processType>
    <start>
        <locationX>0</locationX>
        <locationY>0</locationY>
        <connector>
            <targetReference>Cleanup_BusinessCards</targetReference>
        </connector>
        <schedule>
            <frequency>Daily</frequency>
            <startDate>2026-02-02</startDate>
            <startTime>02:00:00.000Z</startTime>
        </schedule>
        <triggerType>Scheduled</triggerType>
    </start>
    <status>Active</status>
    <variables>
        <name>varRetentionDays</name>
        <dataType>Number</dataType>
        <isCollection>false</isCollection>
        <isInput>false</isInput>
        <isOutput>false</isOutput>
        <scale>0</scale>
        <value>
            <numberValue>30.0</numberValue>
        </value>
    </variables>
    <variables>
        <name>varDeleteFiles</name>
        <dataType>Boolean</dataType>
        <isCollection>false</isCollection>
        <isInput>false</isInput>
        <isOutput>false</isOutput>
        <value>
            <booleanValue>true</booleanValue>
        </value>
    </variables>
</Flow>
