<?xml version="1.0" encoding="UTF-8"?>
<CustomObject xmlns="http://soap.sforce.com/2006/04/metadata">
    <description>Staging record that stores OCR results and status for uploaded business card images.</description>
    <deploymentStatus>Deployed</deploymentStatus>
    <enableActivities>false</enableActivities>
    <enableBulkApi>true</enableBulkApi>
    <enableFeeds>false</enableFeeds>
    <enableHistory>false</enableHistory>
    <enableReports>true</enableReports>
    <enableSearch>true</enableSearch>
    <nameField>
        <displayFormat>BC-{000000}</displayFormat>
        <label>Business Card Number</label>
        <type>AutoNumber</type>
    </nameField>
    <label>Business Card</label>
    <pluralLabel>Business Cards</pluralLabel>
    <sharingModel>ReadWrite</sharingModel>
</CustomObject>
