<?xml version="1.0" encoding="UTF-8"?>
<Flow xmlns="http://soap.sforce.com/2006/04/metadata">
    <apiVersion>64.0</apiVersion>
    <areMetricsLoggedToDataCloud>false</areMetricsLoggedToDataCloud>
    <decisions>
        <name>ContactOrLead</name>
        <label>ContactOrLead</label>
        <locationX>0</locationX>
        <locationY>0</locationY>
        <defaultConnector>
            <targetReference>Get_Lead</targetReference>
        </defaultConnector>
        <defaultConnectorLabel>Lead</defaultConnectorLabel>
        <rules>
            <name>Contact</name>
            <conditionLogic>and</conditionLogic>
            <conditions>
                <leftValueReference>$Record.Create_As__c</leftValueReference>
                <operator>EqualTo</operator>
                <rightValue>
                    <stringValue>Contact</stringValue>
                </rightValue>
            </conditions>
            <connector>
                <targetReference>Get_Contact</targetReference>
            </connector>
            <label>Contact</label>
        </rules>
    </decisions>
    <decisions>
        <name>IfContactIsNull</name>
        <label>IfContactIsNull</label>
        <locationX>0</locationX>
        <locationY>0</locationY>
        <defaultConnector>
            <targetReference>Update_Contact</targetReference>
        </defaultConnector>
        <defaultConnectorLabel>Default Outcome</defaultConnectorLabel>
        <rules>
            <name>ContactIsNull</name>
            <conditionLogic>and</conditionLogic>
            <conditions>
                <leftValueReference>Get_Contact.Id</leftValueReference>
                <operator>IsNull</operator>
                <rightValue>
                    <booleanValue>true</booleanValue>
                </rightValue>
            </conditions>
            <connector>
                <targetReference>Create_Contact</targetReference>
            </connector>
            <label>ContactIsNull</label>
        </rules>
    </decisions>
    <decisions>
        <name>IfLeadIsNull</name>
        <label>IfLeadIsNull</label>
        <locationX>0</locationX>
        <locationY>0</locationY>
        <defaultConnector>
            <targetReference>Update_Lead</targetReference>
        </defaultConnector>
        <defaultConnectorLabel>Default Outcome</defaultConnectorLabel>
        <rules>
            <name>LeadIsNull</name>
            <conditionLogic>and</conditionLogic>
            <conditions>
                <leftValueReference>Get_Lead.Id</leftValueReference>
                <operator>IsNull</operator>
                <rightValue>
                    <booleanValue>true</booleanValue>
                </rightValue>
            </conditions>
            <connector>
                <targetReference>Create_Lead</targetReference>
            </connector>
            <label>LeadIsNull</label>
        </rules>
    </decisions>
    <environments>Default</environments>
    <interviewLabel>CM - BusinessCard Create Record From Event {!$Flow.CurrentDateTime}</interviewLabel>
    <label>CM - BusinessCard Create Record From Event</label>
    <processMetadataValues>
        <name>BuilderType</name>
        <value>
            <stringValue>LightningFlowBuilder</stringValue>
        </value>
    </processMetadataValues>
    <processMetadataValues>
        <name>CanvasMode</name>
        <value>
            <stringValue>AUTO_LAYOUT_CANVAS</stringValue>
        </value>
    </processMetadataValues>
    <processMetadataValues>
        <name>OriginBuilderType</name>
        <value>
            <stringValue>LightningFlowBuilder</stringValue>
        </value>
    </processMetadataValues>
    <processType>AutoLaunchedFlow</processType>
    <recordCreates>
        <name>Create_Contact</name>
        <label>Create Contact</label>
        <locationX>0</locationX>
        <locationY>0</locationY>
        <inputAssignments>
            <field>AccountId</field>
            <value>
                <elementReference>$Record.Matched_Account_Id__c</elementReference>
            </value>
        </inputAssignments>
        <inputAssignments>
            <field>Email</field>
            <value>
                <elementReference>$Record.Email__c</elementReference>
            </value>
        </inputAssignments>
        <inputAssignments>
            <field>FirstName</field>
            <value>
                <elementReference>$Record.FirstName__c</elementReference>
            </value>
        </inputAssignments>
        <inputAssignments>
            <field>LastName</field>
            <value>
                <elementReference>$Record.LastName__c</elementReference>
            </value>
        </inputAssignments>
        <inputAssignments>
            <field>MobilePhone</field>
            <value>
                <elementReference>$Record.MobilePhone__c</elementReference>
            </value>
        </inputAssignments>
        <inputAssignments>
            <field>Notes__c</field>
            <value>
                <elementReference>$Record.Description__c</elementReference>
            </value>
        </inputAssignments>
        <inputAssignments>
            <field>Phone</field>
            <value>
                <elementReference>$Record.Phone__c</elementReference>
            </value>
        </inputAssignments>
        <inputAssignments>
            <field>Title</field>
            <value>
                <elementReference>$Record.Title__c</elementReference>
            </value>
        </inputAssignments>
        <object>Contact</object>
        <storeOutputAutomatically>true</storeOutputAutomatically>
    </recordCreates>
    <recordCreates>
        <name>Create_Lead</name>
        <label>Create Lead</label>
        <locationX>0</locationX>
        <locationY>0</locationY>
        <inputAssignments>
            <field>City</field>
            <value>
                <elementReference>$Record.City__c</elementReference>
            </value>
        </inputAssignments>
        <inputAssignments>
            <field>Company</field>
            <value>
                <elementReference>$Record.Company__c</elementReference>
            </value>
        </inputAssignments>
        <inputAssignments>
            <field>Country</field>
            <value>
                <elementReference>$Record.Country__c</elementReference>
            </value>
        </inputAssignments>
        <inputAssignments>
            <field>Description</field>
            <value>
                <elementReference>$Record.Description__c</elementReference>
            </value>
        </inputAssignments>
        <inputAssignments>
            <field>Email</field>
            <value>
                <elementReference>$Record.Email__c</elementReference>
            </value>
        </inputAssignments>
        <inputAssignments>
            <field>FirstName</field>
            <value>
                <elementReference>$Record.FirstName__c</elementReference>
            </value>
        </inputAssignments>
        <inputAssignments>
            <field>LastName</field>
            <value>
                <elementReference>$Record.LastName__c</elementReference>
            </value>
        </inputAssignments>
        <inputAssignments>
            <field>LeadSource</field>
            <value>
                <stringValue>Cold Call</stringValue>
            </value>
        </inputAssignments>
        <inputAssignments>
            <field>MobilePhone</field>
            <value>
                <elementReference>$Record.MobilePhone__c</elementReference>
            </value>
        </inputAssignments>
        <inputAssignments>
            <field>Phone</field>
            <value>
                <elementReference>$Record.Phone__c</elementReference>
            </value>
        </inputAssignments>
        <inputAssignments>
            <field>PostalCode</field>
            <value>
                <elementReference>$Record.PostalCode__c</elementReference>
            </value>
        </inputAssignments>
        <inputAssignments>
            <field>State</field>
            <value>
                <elementReference>$Record.State__c</elementReference>
            </value>
        </inputAssignments>
        <inputAssignments>
            <field>Street</field>
            <value>
                <elementReference>$Record.Street__c</elementReference>
            </value>
        </inputAssignments>
        <inputAssignments>
            <field>Title</field>
            <value>
                <elementReference>$Record.Title__c</elementReference>
            </value>
        </inputAssignments>
        <object>Lead</object>
        <storeOutputAutomatically>true</storeOutputAutomatically>
    </recordCreates>
    <recordLookups>
        <name>Get_Contact</name>
        <label>Get Contact</label>
        <locationX>0</locationX>
        <locationY>0</locationY>
        <assignNullValuesIfNoRecordsFound>false</assignNullValuesIfNoRecordsFound>
        <connector>
            <targetReference>IfContactIsNull</targetReference>
        </connector>
        <filterLogic>and</filterLogic>
        <filters>
            <field>Email</field>
            <operator>EqualTo</operator>
            <value>
                <elementReference>$Record.Email__c</elementReference>
            </value>
        </filters>
        <getFirstRecordOnly>true</getFirstRecordOnly>
        <object>Contact</object>
        <storeOutputAutomatically>true</storeOutputAutomatically>
    </recordLookups>
    <recordLookups>
        <name>Get_Lead</name>
        <label>Get Lead</label>
        <locationX>0</locationX>
        <locationY>0</locationY>
        <assignNullValuesIfNoRecordsFound>false</assignNullValuesIfNoRecordsFound>
        <connector>
            <targetReference>IfLeadIsNull</targetReference>
        </connector>
        <filterLogic>and</filterLogic>
        <filters>
            <field>Email</field>
            <operator>EqualTo</operator>
            <value>
                <elementReference>$Record.Email__c</elementReference>
            </value>
        </filters>
        <getFirstRecordOnly>true</getFirstRecordOnly>
        <object>Lead</object>
        <storeOutputAutomatically>true</storeOutputAutomatically>
    </recordLookups>
    <recordUpdates>
        <name>Update_Contact</name>
        <label>Update Contact</label>
        <locationX>0</locationX>
        <locationY>0</locationY>
        <filterLogic>and</filterLogic>
        <filters>
            <field>Id</field>
            <operator>EqualTo</operator>
            <value>
                <elementReference>Get_Contact.Id</elementReference>
            </value>
        </filters>
        <inputAssignments>
            <field>AccountId</field>
            <value>
                <elementReference>$Record.Matched_Account_Id__c</elementReference>
            </value>
        </inputAssignments>
        <inputAssignments>
            <field>FirstName</field>
            <value>
                <elementReference>$Record.FirstName__c</elementReference>
            </value>
        </inputAssignments>
        <inputAssignments>
            <field>LastName</field>
            <value>
                <elementReference>$Record.LastName__c</elementReference>
            </value>
        </inputAssignments>
        <inputAssignments>
            <field>MobilePhone</field>
            <value>
                <elementReference>$Record.MobilePhone__c</elementReference>
            </value>
        </inputAssignments>
        <inputAssignments>
            <field>Notes__c</field>
            <value>
                <elementReference>$Record.Description__c</elementReference>
            </value>
        </inputAssignments>
        <inputAssignments>
            <field>Phone</field>
            <value>
                <elementReference>$Record.Phone__c</elementReference>
            </value>
        </inputAssignments>
        <inputAssignments>
            <field>Title</field>
            <value>
                <elementReference>$Record.Title__c</elementReference>
            </value>
        </inputAssignments>
        <object>Contact</object>
    </recordUpdates>
    <recordUpdates>
        <name>Update_Lead</name>
        <label>Update Lead</label>
        <locationX>0</locationX>
        <locationY>0</locationY>
        <filterLogic>and</filterLogic>
        <filters>
            <field>Id</field>
            <operator>EqualTo</operator>
            <value>
                <elementReference>Get_Lead.Id</elementReference>
            </value>
        </filters>
        <inputAssignments>
            <field>City</field>
            <value>
                <elementReference>$Record.City__c</elementReference>
            </value>
        </inputAssignments>
        <inputAssignments>
            <field>Company</field>
            <value>
                <elementReference>$Record.Company__c</elementReference>
            </value>
        </inputAssignments>
        <inputAssignments>
            <field>Country</field>
            <value>
                <elementReference>$Record.Country__c</elementReference>
            </value>
        </inputAssignments>
        <inputAssignments>
            <field>Description</field>
            <value>
                <elementReference>$Record.Description__c</elementReference>
            </value>
        </inputAssignments>
        <inputAssignments>
            <field>Email</field>
            <value>
                <elementReference>$Record.Email__c</elementReference>
            </value>
        </inputAssignments>
        <inputAssignments>
            <field>FirstName</field>
            <value>
                <elementReference>$Record.FirstName__c</elementReference>
            </value>
        </inputAssignments>
        <inputAssignments>
            <field>LastName</field>
            <value>
                <elementReference>$Record.LastName__c</elementReference>
            </value>
        </inputAssignments>
        <inputAssignments>
            <field>LeadSource</field>
            <value>
                <stringValue>Cold Call</stringValue>
            </value>
        </inputAssignments>
        <inputAssignments>
            <field>MobilePhone</field>
            <value>
                <elementReference>$Record.MobilePhone__c</elementReference>
            </value>
        </inputAssignments>
        <inputAssignments>
            <field>PostalCode</field>
            <value>
                <elementReference>$Record.PostalCode__c</elementReference>
            </value>
        </inputAssignments>
        <inputAssignments>
            <field>State</field>
            <value>
                <elementReference>$Record.State__c</elementReference>
            </value>
        </inputAssignments>
        <inputAssignments>
            <field>Street</field>
            <value>
                <elementReference>$Record.Street__c</elementReference>
            </value>
        </inputAssignments>
        <inputAssignments>
            <field>Title</field>
            <value>
                <elementReference>$Record.Title__c</elementReference>
            </value>
        </inputAssignments>
        <object>Lead</object>
    </recordUpdates>
    <start>
        <locationX>0</locationX>
        <locationY>0</locationY>
        <connector>
            <targetReference>ContactOrLead</targetReference>
        </connector>
        <flowRunAsUser>TriggeringUser</flowRunAsUser>
        <object>Business_Card_Processed__e</object>
        <triggerType>PlatformEvent</triggerType>
    </start>
    <status>Active</status>
</Flow>
