<?xml version="1.0" encoding="UTF-8"?>
<StandardValueSet xmlns="http://soap.sforce.com/2006/04/metadata">
    <sorted>true</sorted>
    <standardValue>
        <fullName>Cold Call</fullName>
        <default>false</default>
        <label>Cold Call</label>
    </standardValue>
    <standardValue>
        <fullName>Community</fullName>
        <default>false</default>
        <label>Community</label>
    </standardValue>
    <standardValue>
        <fullName>Data.com</fullName>
        <default>false</default>
        <label>Data.com</label>
    </standardValue>
    <standardValue>
        <fullName>Inbound Call</fullName>
        <default>false</default>
        <label>Inbound Call</label>
    </standardValue>
    <standardValue>
        <fullName>Marketing Event</fullName>
        <default>false</default>
        <label>Marketing Event</label>
    </standardValue>
    <standardValue>
        <fullName>Partner</fullName>
        <default>false</default>
        <label>Partner</label>
    </standardValue>
    <standardValue>
        <fullName>Referral</fullName>
        <default>false</default>
        <label>Referral</label>
    </standardValue>
    <standardValue>
        <fullName>Salesforce IoT</fullName>
        <default>false</default>
        <label>Salesforce IoT</label>
    </standardValue>
    <standardValue>
        <fullName>Social Media</fullName>
        <default>false</default>
        <label>Social Media</label>
    </standardValue>
    <standardValue>
        <fullName>Website</fullName>
        <default>false</default>
        <label>Website</label>
    </standardValue>
</StandardValueSet>
