<?xml version="1.0" encoding="UTF-8"?>
<FlexiPage xmlns="http://soap.sforce.com/2006/04/metadata">
    <flexiPageRegions>
        <itemInstances>
            <componentInstance>
                <componentInstanceProperties>
                    <name>flowArguments</name>
                    <value>[{&quot;label&quot;:&quot;varLeadSource&quot;,&quot;dataType&quot;:&quot;String&quot;,&quot;supportsRecordId&quot;:false,&quot;value&quot;:&quot;Cold Call&quot;}]</value>
                </componentInstanceProperties>
                <componentInstanceProperties>
                    <name>flowLayout</name>
                    <value>oneColumn</value>
                </componentInstanceProperties>
                <componentInstanceProperties>
                    <name>flowName</name>
                    <value>CM_BusinessCard_To_Lead</value>
                </componentInstanceProperties>
                <componentName>flowruntime:interview</componentName>
                <identifier>flowruntime_interview</identifier>
            </componentInstance>
        </itemInstances>
        <name>main</name>
        <type>Region</type>
    </flexiPageRegions>
    <masterLabel>AI BusinssCardSnap</masterLabel>
    <template>
        <name>flexipage:defaultAppHomeTemplate</name>
    </template>
    <type>AppPage</type>
</FlexiPage>
